employee_id,employee_name,employee_title,employee_city,employee_country
1,Nancy Davolio,Sales Representative,Seattle,USA
2,Andrew Fuller,"Vice President, Sales",Tacoma,USA
3,Janet Leverling,Sales Representative,Kirkland,USA
4,Margaret Peacock,Sales Representative,Redmond,USA
5,Steven Buchanan,Sales Manager,London,UK
6,Michael Suyama,Sales Representative,London,UK
7,Robert King,Sales Representative,London,UK
8,Laura Callahan,Inside Sales Coordinator,Seattle,USA
9,Anne Dodsworth,Sales Representative,London,UK
